id,Ratio x,+ shipping
5246,2,10
6864,2,10
7326,"2,2",10
10484,2,10
13947,"2,2",10
15458,2,10
238,"2,2",10
984,2,10
1042,2,10
5289,2,10
5347,2,10
5520,2,10
5711,2,10
6101,2,10
6836,2,10
13127,2,10
14888,2,10
15248,2,10
338,"2,2",10
760,"2,2",10
805,2,10
837,2,10
902,2,10
3604,"2,2",10
5701,2,10
6469,2,10
7317,"2,2",10
7369,2,10
7488,"2,2",10
13050,"2,2",10
13614,"2,2",10
14635,2,10
105,"2,2",10
129,"2,2",10
169,"2,2",10
291,"2,2",10
619,2,10
675,2,10
1127,2,10
1491,"2,2",10
2553,2,10
5493,2,10
6165,2,10
6440,2,10
9699,"2,2",10
10478,2,10
10486,2,10
10547,2,10
10578,2,10
127,"2,2",10
697,"2,2",10
743,2,10
926,2,10
1071,2,10
1153,2,10
1170,2,10
1198,"2,2",10
1340,2,10
1412,"2,2",10
5553,2,10
6685,2,10
7079,2,10
7742,"2,2",10
9856,2,10
10566,2,10
10723,2,10
13274,"2,2",10
14872,2,10
15337,2,10
430,"2,2",10
651,2,10
845,2,10
1104,2,10
1326,2,10
1532,2,10
3460,2,10
3975,"2,2",10
6004,2,10
6502,2,10
10467,2,10
13735,"2,2",10
13739,"2,2",10
15711,2,10
115,"2,2",10
189,"2,2",10
240,"2,2",10
653,2,10
663,2,10
711,2,10
789,2,10
911,2,10
1501,2,10
4753,2,10
5278,2,10
5373,2,10
5649,2,10
5970,2,10
6448,2,10
8054,2,10
8387,2,10
10522,2,10
10620,2,10
10638,2,10
11149,2,10
14254,2,10
14488,2,10
14842,2,10
15470,2,10
292,"2,2",10
656,2,10
804,2,10
941,"2,2",10
1114,2,10
1166,2,10
1184,2,10
4797,2,10
4800,"2,2",10
5590,2,10
6021,"2,2",10
6074,"2,2",10
6207,"2,2",10
6435,2,10
10816,2,10
13601,"2,2",10
14901,2,10
16172,2,10
156,"2,2",10
218,"2,2",10
249,"2,2",10
424,2,10
547,2,10
576,2,10
629,2,10
698,2,10
716,2,10
788,2,10
848,2,10
851,2,10
886,"2,2",10
997,"2,2",10
998,"2,2",10
1129,2,10
1155,"2,2",10
1551,"2,2",10
2219,"2,2",10
4352,2,10
4694,"2,2",10
4903,2,10
5443,2,10
6639,2,10
11952,2,10
13339,2,10
13833,2,10
14469,2,10
15724,2,10
15854,2,10
154,"2,2",10
600,2,10
718,2,10
862,"2,2",10
903,2,10
991,2,10
1000,2,10
1317,2,10
1515,2,10
3583,"2,2",10
4730,2,10
5538,2,10
5707,2,10
5974,2,10
6381,2,10
6866,2,10
9569,2,10
9741,"2,2",10
10221,2,10
10652,2,10
10655,2,10
10722,2,10
13087,"2,2",10
13264,2,10
14290,2,10
14401,2,10
14948,"2,2",10
14997,2,10
15532,"2,2",10
177,"2,2",10
235,"2,2",10
254,"2,2",10
683,2,10
715,"2,2",10
806,"2,2",10
891,2,10
895,"2,2",10
928,2,10
932,2,10
1112,"2,2",10
1298,2,10
3739,2,10
3864,2,10
4754,2,10
5287,2,10
5431,2,10
5465,2,10
5617,2,10
6286,"2,2",10
6412,2,10
6457,2,10
6977,"2,2",10
10728,2,10
12708,2,10
14086,2,10
14838,2,10
16189,2,10
223,"2,2",10
571,2,10
666,2,10
755,2,10
846,2,10
923,2,10
1024,"2,2",10
1122,2,10
1273,2,10
1432,2,10
1526,2,10
2762,"2,2",10
3527,"2,2",10
3601,2,10
3707,2,10
4158,2,10
4906,2,10
5670,2,10
5807,2,10
6034,2,10
6431,2,10
6474,2,10
6848,"169,99","2,2"
7095,"2,2",10
10462,2,10
10724,"2,2",10
11081,2,10
12342,2,10
13444,2,10
14982,2,10
14988,2,10
15288,2,10
15744,2,10
15832,2,10
16048,2,10
151,"2,2",10
170,"2,2",10
668,2,10
797,2,10
896,2,10
1288,2,10
1299,2,10
1361,2,10
1368,"2,2",10
1398,2,10
1499,2,10
4278,2,10
5054,2,10
5205,2,10
5467,2,10
5571,2,10
5775,2,10
5796,2,10
5930,2,10
6423,2,10
6454,2,10
6785,2,10
6814,2,10
6914,2,10
8241,2,10
10052,2,10
10577,2,10
10640,2,10
13082,2,10
13572,2,10
14766,2,10
15280,2,10
16043,2,10
16131,2,10
500,2,10
731,2,10
812,"2,2",10
1077,"2,2",10
1106,2,10
1191,2,10
1307,2,10
1335,2,10
1422,2,10
1542,2,10
3265,"2,2",10
4207,2,10
4222,2,10
4291,2,10
4559,2,10
5496,2,10
5521,2,10
5802,2,10
6292,2,10
6311,2,10
6438,2,10
6754,2,10
6796,2,10
6804,2,10
6821,"2,2",10
7057,"2,2",10
7689,"2,2",10
10237,2,10
10493,2,10
10621,2,10
10663,2,10
10697,2,10
11822,2,10
12478,2,10
13657,"2,2",10
14187,2,10
14519,2,10
14752,"2,2",10
14824,"2,2",10
15160,2,10
15229,2,10
15464,2,10
141,"2,2",10
152,"2,2",10
197,"2,2",10
245,"2,2",10
572,2,10
650,2,10
889,2,10
916,"2,2",10
1028,2,10
1031,2,10
1088,2,10
1283,2,10
1364,2,10
1373,2,10
1468,2,10
1519,2,10
2912,"2,2",10
3172,"2,2",10
4125,2,10
4318,2,10
4876,2,10
5245,2,10
5475,2,10
5592,2,10
5606,2,10
5700,2,10
5926,2,10
6635,2,10
6652,2,10
6691,2,10
6861,"2,2",10
7153,"2,2",10
7312,"2,2",10
9165,2,10
9499,2,10
10432,2,10
10557,2,10
10679,"2,2",10
12263,2,10
12705,2,10
12780,"2,2",10
12929,"2,2",10
13156,2,10
14433,2,10
14473,2,10
14858,2,10
15215,2,10
15293,2,10
109,"2,2",10
142,"2,2",10
456,2,10
535,2,10
569,"2,2",10
604,2,10
713,2,10
758,"2,2",10
898,2,10
900,2,10
1250,2,10
1328,2,10
1534,"2,2",10
1537,2,10
3675,2,10
4387,2,10
4706,"2,2",10
4719,2,10
4901,2,10
4964,"2,2",10
4980,"2,2",10
5559,2,10
5567,2,10
5568,2,10
5687,2,10
5733,2,10
6244,"2,2",10
6413,2,10
6610,2,10
6688,2,10
7065,"2,2",10
7334,2,10
7750,2,10
9344,2,10
9566,2,10
9807,"2,2",10
9899,2,10
10533,2,10
10550,2,10
10673,"2,2",10
10706,"2,2",10
10733,2,10
12971,"2,2",10
13676,2,10
13979,2,10
13998,2,10
14080,"2,2",10
14550,2,10
14628,2,10
14891,2,10
14916,2,10
14998,2,10
15081,2,10
15740,2,10
12,"2,2",10
155,"2,2",10
207,"2,2",10
216,"2,2",10
242,"2,2",10
264,"2,2",10
324,"2,2",10
345,"2,2",10
616,2,10
696,"2,2",10
735,2,10
752,"2,2",10
814,2,10
820,2,10
876,2,10
878,2,10
901,2,10
968,2,10
1108,2,10
1297,2,10
1366,2,10
1369,2,10
1399,2,10
1482,2,10
1531,2,10
2081,"2,2",10
2152,"2,2",10
2637,"2,2",10
3513,2,10
4172,"2,2",10
4199,2,10
4340,"2,2",10
4360,2,10
4363,2,10
4747,2,10
4770,"2,2",10
4875,2,10
5412,2,10
5529,2,10
5556,2,10
5597,2,10
5905,2,10
6142,2,10
6208,2,10
6315,2,10
6492,"2,2",10
6813,2,10
6859,"2,2",10
7002,2,10
7162,2,10
10500,2,10
10560,2,10
10567,2,10
10606,"2,2",10
10629,2,10
10633,2,10
10650,2,10
10721,2,10
11055,2,10
12970,2,10
13000,"2,2",10
13095,"2,2",10
13531,2,10
13581,2,10
13782,"2,2",10
13842,"2,2",10
13976,"2,2",10
14227,2,10
14232,2,10
14696,2,10
14728,2,10
15238,2,10
15253,"2,2",10
15506,2,10
15576,2,10
131,"2,2",10
212,"2,2",10
230,"2,2",10
282,"2,2",10
618,"2,2",10
641,2,10
714,"2,2",10
844,2,10
874,"2,2",10
939,2,10
1084,2,10
1290,"2,2",10
1374,2,10
1466,"2,2",10
1528,2,10
2387,"2,2",10
2834,"2,2",10
3230,2,10
3688,"2,2",10
3698,2,10
3796,"2,2",10
4329,"2,2",10
4536,"2,2",10
4620,2,10
4644,2,10
4652,2,10
4841,2,10
5124,"2,2",10
5249,"2,2",10
5418,2,10
5463,2,10
5484,2,10
5526,2,10
5566,2,10
5628,2,10
5630,2,10
6324,2,10
6343,2,10
6456,2,10
6623,2,10
6779,2,10
6818,2,10
7472,"2,2",10
7504,2,10
7555,2,10
7557,"2,2",10
8600,"2,2",10
9143,2,10
9633,2,10
9898,2,10
9927,2,10
10575,2,10
10622,2,10
10661,2,10
10738,2,10
11119,2,10
11122,2,10
12481,2,10
12786,"2,2",10
12809,"2,2",10
12824,"2,2",10
12919,"2,2",10
13232,2,10
13464,2,10
13824,"2,2",10
14841,2,10
14847,2,10
14925,2,10
14959,"2,2",10
15657,2,10
15705,2,10
15741,2,10
15790,"2,2",10
15844,2,10
16034,"2,2",10
16050,2,10
16054,2,10
16087,2,10
8,"2,2",10
9,"2,2",10
206,"2,2",10
208,"2,2",10
209,"2,2",10
219,"2,2",10
529,"2,2",10
725,"2,2",10
799,2,10
1062,2,10
1099,"2,2",10
1121,"2,2",10
1169,2,10
1194,2,10
1214,2,10
1383,2,10
1441,2,10
1494,"2,2",10
2260,"2,2",10
2458,"2,2",10
2793,"2,2",10
2795,"2,2",10
2889,"2,2",10
3544,"2,2",10
3820,"2,2",10
4126,"2,2",10
4150,"2,2",10
4152,2,10
4257,2,10
4803,2,10
4815,2,10
5009,"2,2",10
5017,2,10
5207,2,10
5299,2,10
5379,2,10
5423,2,10
5439,2,10
5492,2,10
5494,2,10
5611,2,10
5892,2,10
5958,"2,2",10
6249,2,10
6432,2,10
6490,2,10
6578,"2,2",10
6649,"2,2",10
6809,"2,2",10
9551,2,10
9604,2,10
9819,2,10
9883,2,10
10581,2,10
10726,2,10
10845,2,10
11026,2,10
11077,2,10
12841,"2,2",10
12860,2,10
12913,"2,2",10
12924,2,10
12963,2,10
13422,"2,2",10
13690,2,10
13961,"2,2",10
14186,2,10
14492,2,10
14581,"2,2",10
14807,2,10
14958,2,10
15158,2,10
15168,2,10
15442,2,10
15732,2,10
15735,2,10
15746,2,10
15801,2,10
16044,2,10
16188,2,10
14,"2,2",10
146,"2,2",10
193,"2,2",10
237,"2,2",10
257,"2,2",10
276,"2,2",10
287,"2,2",10
297,"2,2",10
355,"2,2",10
642,2,10
796,2,10
801,2,10
811,2,10
826,2,10
867,2,10
1025,2,10
1068,2,10
1072,2,10
1102,"2,2",10
1110,2,10
1118,2,10
1204,2,10
1232,"2,2",10
1280,"2,2",10
2612,"2,2",10
3980,2,10
4071,2,10
4142,2,10
4143,2,10
4241,2,10
4614,"2,2",10
4639,2,10
4668,2,10
4669,2,10
4712,2,10
4732,2,10
4776,2,10
4791,2,10
4944,2,10
5343,2,10
5416,2,10
5517,2,10
5528,2,10
5532,2,10
5547,2,10
5729,2,10
5763,"2,2",10
5777,2,10
5924,2,10
5966,"2,2",10
6256,"2,2",10
6314,2,10
6471,2,10
6519,"2,2",10
6622,2,10
6774,2,10
6782,2,10
6801,2,10
6820,2,10
6983,"2,2",10
9492,"2,2",10
9516,2,10
9659,2,10
9679,2,10
9951,2,10
9976,2,10
10029,2,10
10129,2,10
10360,2,10
10395,"2,2",10
10510,2,10
10672,2,10
10688,2,10
10709,2,10
11071,2,10
11124,"2,2",10
11720,2,10
11851,2,10
12035,2,10
12704,2,10
12736,2,10
12782,"2,2",10
12964,"2,2",10
12993,"2,2",10
13146,"2,2",10
13211,2,10
13417,"2,2",10
13592,2,10
13808,2,10
13978,"2,2",10
14012,2,10
14503,2,10
14547,2,10
14865,2,10
14973,2,10
15014,2,10
15465,2,10
15513,2,10
15566,2,10
15589,2,10
15752,2,10
15860,2,10
16132,"2,2",10
7,"2,2",10
33,"2,2",10
132,"2,2",10
145,"2,2",10
147,"2,2",10
215,"2,2",10
227,"2,2",10
250,"2,2",10
269,"2,2",10
272,"2,2",10
329,"2,2",10
350,"2,2",10
791,2,10
802,"2,2",10
833,2,10
864,2,10
890,2,10
927,2,10
951,"2,2",10
1036,2,10
1119,2,10
1165,"119,89","2,2"
1199,2,10
1238,"2,2",10
1270,2,10
1289,"2,2",10
1295,2,10
1318,2,10
1390,"2,2",10
2111,"2,2",10
2238,2,10
2334,"2,2",10
2382,"2,2",10
2464,"2,2",10
2523,"2,2",10
2530,"2,2",10
2645,"2,2",10
2978,"2,2",10
3047,2,10
3132,"2,2",10
3300,2,10
3323,2,10
3324,2,10
3440,2,10
3526,2,10
3573,2,10
3749,"2,2",10
3899,2,10
3950,"2,2",10
4076,"2,2",10
4087,"2,2",10
4305,2,10
4326,"2,2",10
4353,2,10
4390,2,10
4550,2,10
4569,2,10
4627,2,10
4658,2,10
4678,2,10
4683,"2,2",10
4713,2,10
4741,"2,2",10
4843,"2,2",10
4877,2,10
5109,"2,2",10
5153,2,10
5204,2,10
5298,2,10
5366,"2,2",10
5392,2,10
5422,2,10
5428,2,10
5524,2,10
5536,2,10
5572,2,10
5574,2,10
5586,2,10
5601,2,10
5604,2,10
5618,2,10
5663,2,10
5774,"2,2",10
5861,2,10
5950,2,10
5972,2,10
5975,2,10
6053,2,10
6175,"2,2",10
6206,2,10
6211,2,10
6298,2,10
6364,2,10
6374,2,10
6496,"2,2",10
6497,"2,2",10
6500,2,10
6504,"2,2",10
6521,"2,2",10
6527,"2,2",10
6693,2,10
6771,"2,2",10
6776,"2,2",10
6777,2,10
6792,2,10
6822,2,10
6830,2,10
6898,"2,2",10
6971,"2,2",10
7058,"2,2",10
7127,"2,2",10
7128,"2,2",10
7232,2,10
7308,2,10
7439,2,10
7561,2,10
7590,"2,2",10
7897,2,10
7987,"2,2",10
8062,2,10
8165,"2,2",10
8259,2,10
9204,2,10
9209,2,10
9413,2,10
9446,"2,2",10
9466,2,10
9493,2,10
9548,"2,2",10
9608,"2,2",10
9700,2,10
9787,2,10
9816,2,10
9889,2,10
10232,2,10
10252,2,10
10489,2,10
10512,2,10
10528,2,10
10534,2,10
10617,2,10
10646,2,10
10666,2,10
10693,2,10
10725,2,10
10874,2,10
10890,2,10
11059,2,10
11060,2,10
11073,2,10
11870,2,10
12703,"2,2",10
12837,2,10
12863,"2,2",10
12865,"2,2",10
12983,2,10
13017,2,10
13104,"2,2",10
13116,2,10
13303,2,10
13324,"2,2",10
13473,2,10
13670,"2,2",10
13718,2,10
13760,2,10
13828,"2,2",10
13863,2,10
13990,"2,2",10
14100,"2,2",10
14109,2,10
14357,2,10
14390,"2,2",10
14849,"2,2",10
14941,2,10
15013,2,10
15119,2,10
15162,2,10
15224,2,10
15472,"2,2",10
15517,2,10
15671,2,10
15730,2,10
15862,2,10
16040,2,10
16134,2,10
15,"2,2",10
16,"2,2",10
17,"2,2",10
18,"2,2",10
24,"2,2",10
40,"2,2",10
60,"2,2",10
135,"2,2",10
175,"2,2",10
186,"2,2",10
198,"2,2",10
220,"2,2",10
232,"2,2",10
252,"2,2",10
274,"2,2",10
310,"2,2",10
342,"2,2",10
868,2,10
882,"2,2",10
970,"2,2",10
987,2,10
1029,"2,2",10
1046,2,10
1048,2,10
1061,2,10
1078,2,10
1107,2,10
1137,"2,2",10
1195,"2,2",10
1212,"2,2",10
1229,"2,2",10
1245,2,10
1249,"2,2",10
1414,"2,2",10
1428,2,10
1481,2,10
2223,"2,2",10
2237,"2,2",10
2328,"2,2",10
2460,"2,2",10
2516,"2,2",10
2519,"2,2",10
2533,"2,2",10
2546,"2,2",10
2626,"2,2",10
2716,"2,2",10
2800,"2,2",10
3201,"2,2",10
3236,2,10
3364,"2,2",10
3599,2,10
3629,2,10
3641,2,10
3744,"2,2",10
3830,2,10
3978,"2,2",10
4063,"2,2",10
4122,"2,2",10
4138,2,10
4174,"2,2",10
4187,"2,2",10
4201,"2,2",10
4265,2,10
4313,"2,2",10
4356,2,10
4377,2,10
4466,2,10
4519,2,10
4525,2,10
4591,2,10
4786,"2,2",10
4808,"2,2",10
4826,"2,2",10
4862,2,10
4893,2,10
4940,2,10
4942,2,10
4971,"2,2",10
4989,2,10
5073,"2,2",10
5085,2,10
5106,2,10
5113,2,10
5162,2,10
5240,2,10
5255,"2,2",10
5297,2,10
5357,2,10
5380,2,10
5389,2,10
5408,2,10
5419,2,10
5425,2,10
5433,2,10
5462,2,10
5466,2,10
5486,2,10
5498,2,10
5530,2,10
5533,2,10
5550,2,10
5563,2,10
5573,2,10
5578,2,10
5602,2,10
5605,2,10
5607,2,10
5610,2,10
5635,2,10
5647,2,10
5668,2,10
5682,2,10
5709,"2,2",10
5740,2,10
5800,"2,2",10
5884,2,10
5949,2,10
5968,2,10
6006,2,10
6012,2,10
6032,2,10
6065,2,10
6075,2,10
6092,2,10
6119,2,10
6151,"2,2",10
6159,"2,2",10
6229,2,10
6248,2,10
6267,2,10
6287,2,10
6466,2,10
6587,"2,2",10
6627,2,10
6695,2,10
6788,2,10
6817,2,10
6871,2,10
6903,2,10
7042,2,10
7297,2,10
7319,"2,2",10
7437,2,10
7442,2,10
7578,2,10
7579,2,10
7594,"2,2",10
7835,"2,2",10
8075,"2,2",10
8130,"2,2",10
8150,"2,2",10
8191,"2,2",10
8350,"2,2",10
8377,2,10
8396,2,10
8872,2,10
9244,"2,2",10
9265,2,10
9346,"2,2",10
9403,2,10
9482,2,10
9527,"2,2",10
9620,2,10
9674,2,10
9688,2,10
9778,2,10
9832,2,10
9886,2,10
9930,"2,2",10
10009,"2,2",10
10039,2,10
10283,"2,2",10
10285,2,10
10502,2,10
10517,2,10
10580,2,10
10586,2,10
10627,2,10
10631,2,10
10634,2,10
10642,2,10
10659,2,10
10665,2,10
10670,2,10
10685,2,10
10710,2,10
10711,2,10
10712,2,10
10717,2,10
10718,2,10
10734,2,10
10751,2,10
10752,2,10
10800,2,10
10899,"2,2",10
10936,"2,2",10
11012,2,10
11033,"2,2",10
11062,2,10
11070,2,10
11332,2,10
11466,2,10
11829,2,10
11874,2,10
12182,2,10
12517,2,10
12528,2,10
12529,2,10
12584,2,10
12709,2,10
12759,"2,2",10
12831,2,10
12915,2,10
12975,2,10
12986,"2,2",10
13016,2,10
13092,"2,2",10
13117,2,10
13188,2,10
13254,2,10
13420,"2,2",10
13505,"2,2",10
13648,"2,2",10
13729,2,10
13827,2,10
13847,2,10
14030,2,10
14228,2,10
14235,"2,2",10
14341,2,10
14411,2,10
14480,2,10
14622,2,10
14718,2,10
14749,2,10
14790,2,10
14852,"2,2",10
14908,2,10
14940,"2,2",10
14945,"2,2",10
14980,2,10
15015,2,10
15074,2,10
15121,"2,2",10
15239,2,10
15289,2,10
15294,"2,2",10
15345,2,10
15583,2,10
15701,"2,2",10
15786,2,10
15821,2,10
15836,2,10
16059,"2,2",10
16129,2,10
16142,"2,2",10
16191,2,10
10,"2,2",10
11,"2,2",10
21,"2,2",10
22,"2,2",10
23,"2,2",10
25,"2,2",10
35,"2,2",10
39,"2,2",10
41,"2,2",10
42,"2,2",10
44,"2,2",10
47,"2,2",10
48,"2,2",10
49,"2,2",10
51,"2,2",10
52,"2,2",10
53,"2,2",10
54,"2,2",10
55,"2,2",10
61,"2,2",10
64,"2,2",10
65,"2,2",10
66,"2,2",10
67,"2,2",10
68,"2,2",10
69,"2,2",10
70,"2,2",10
71,"2,2",10
75,"2,2",10
76,"2,2",10
77,"2,2",10
80,"2,2",10
81,"2,2",10
82,"2,2",10
83,"2,2",10
84,"2,2",10
85,"2,2",10
87,"2,2",10
88,"2,2",10
90,"2,2",10
91,"2,2",10
92,"2,2",10
96,"2,2",10
97,"2,2",10
98,"2,2",10
136,"2,2",10
138,"2,2",10
178,"2,2",10
191,"2,2",10
194,"2,2",10
196,"2,2",10
199,"2,2",10
204,"2,2",10
205,"2,2",10
211,"2,2",10
214,"2,2",10
217,"2,2",10
226,"2,2",10
244,"2,2",10
246,"2,2",10
248,"2,2",10
251,"2,2",10
255,"2,2",10
256,"2,2",10
258,"2,2",10
259,"2,2",10
261,"2,2",10
263,"2,2",10
266,"2,2",10
267,"2,2",10
268,"2,2",10
273,"2,2",10
280,"2,2",10
289,"2,2",10
293,"2,2",10
296,"2,2",10
302,"2,2",10
303,"2,2",10
304,"2,2",10
309,"2,2",10
311,"2,2",10
312,"2,2",10
319,"2,2",10
320,"2,2",10
323,"2,2",10
327,"2,2",10
332,"2,2",10
341,"2,2",10
347,"2,2",10
348,"2,2",10
359,"2,2",10
361,"2,2",10
362,"2,2",10
363,"2,2",10
367,"2,2",10
381,"2,2",10
382,"2,2",10
386,"2,2",10
388,"2,2",10
389,"2,2",10
393,"2,2",10
394,"2,2",10
395,"2,2",10
397,"2,2",10
398,"2,2",10
399,"2,2",10
402,"2,2",10
405,"2,2",10
408,"2,2",10
409,"2,2",10
410,"2,2",10
411,"2,2",10
990,"2,2",10
1190,2,10
1208,"2,2",10
1221,"2,2",10
1225,"2,2",10
1228,"2,2",10
1231,"2,2",10
1256,"2,2",10
1257,2,10
1272,2,10
1292,"2,2",10
1315,2,10
1320,2,10
1333,"2,2",10
1337,2,10
1339,"2,2",10
1341,"2,2",10
1343,"2,2",10
1344,"2,2",10
1345,"2,2",10
1358,"2,2",10
1360,"2,2",10
1382,2,10
1424,2,10
1431,"2,2",10
1460,"2,2",10
1462,2,10
1472,2,10
1486,2,10
1488,"2,2",10
1489,2,10
1578,"2,2",10
1582,"2,2",10
1592,"2,2",10
1645,"2,2",10
1653,"2,2",10
1672,"2,2",10
1676,"2,2",10
1680,"2,2",10
1700,"2,2",10
1726,"2,2",10
1734,"2,2",10
1735,"2,2",10
1757,"2,2",10
1771,"2,2",10
1781,"2,2",10
1838,"2,2",10
1849,"2,2",10
1859,"2,2",10
1868,"2,2",10
1879,"2,2",10
1908,"2,2",10
1924,"2,2",10
1967,"2,2",10
1986,"2,2",10
2003,"2,2",10
2010,"2,2",10
2011,"2,2",10
2015,"2,2",10
2016,"2,2",10
2022,"2,2",10
2023,"2,2",10
2031,"2,2",10
2034,"2,2",10
2041,"2,2",10
2047,"2,2",10
2051,"2,2",10
2064,"2,2",10
2070,"2,2",10
2107,"2,2",10
2117,"2,2",10
2126,"2,2",10
2130,"2,2",10
2135,"2,2",10
2136,"2,2",10
2140,"2,2",10
2155,"2,2",10
2157,"2,2",10
2158,"2,2",10
2162,"2,2",10
2181,"2,2",10
2185,"2,2",10
2188,"2,2",10
2190,"2,2",10
2195,"2,2",10
2196,"2,2",10
2198,"2,2",10
2202,"2,2",10
2203,"2,2",10
2204,"2,2",10
2211,"2,2",10
2214,"2,2",10
2224,"2,2",10
2227,"2,2",10
2229,"2,2",10
2230,"2,2",10
2234,"2,2",10
2235,"2,2",10
2243,"2,2",10
2245,"2,2",10
2251,"2,2",10
2254,"2,2",10
2257,"2,2",10
2261,"2,2",10
2275,"2,2",10
2289,"2,2",10
2296,"2,2",10
2297,"2,2",10
2322,"2,2",10
2341,"2,2",10
2342,"2,2",10
2344,"2,2",10
2347,"2,2",10
2361,"2,2",10
2371,"2,2",10
2374,"2,2",10
2376,"2,2",10
2383,"2,2",10
2391,"2,2",10
2393,"2,2",10
2394,"2,2",10
2404,"2,2",10
2407,"2,2",10
2413,"2,2",10
2416,"2,2",10
2418,"2,2",10
2419,"2,2",10
2421,"2,2",10
2430,"2,2",10
2434,"2,2",10
2436,"2,2",10
2441,"2,2",10
2442,"2,2",10
2451,"2,2",10
2463,"2,2",10
2465,"2,2",10
2471,"2,2",10
2473,"2,2",10
2474,"2,2",10
2475,"2,2",10
2479,"2,2",10
2481,"2,2",10
2482,"2,2",10
2483,"2,2",10
2484,"2,2",10
2487,"2,2",10
2491,"2,2",10
2494,"2,2",10
2495,"2,2",10
2496,"2,2",10
2498,"2,2",10
2500,"2,2",10
2502,"2,2",10
2503,"2,2",10
2504,"2,2",10
2505,"2,2",10
2510,"2,2",10
2511,"2,2",10
2513,"2,2",10
2514,"2,2",10
2515,"2,2",10
2517,"2,2",10
2525,"2,2",10
2527,"2,2",10
2531,"2,2",10
2534,"2,2",10
2537,"2,2",10
2540,"2,2",10
2542,"2,2",10
2545,"2,2",10
2547,"2,2",10
2552,"2,2",10
2554,"2,2",10
2555,"2,2",10
2558,"2,2",10
2566,"2,2",10
2571,"2,2",10
2603,"2,2",10
2605,"2,2",10
2607,"2,2",10
2608,"2,2",10
2611,"2,2",10
2613,"2,2",10
2618,"2,2",10
2629,"2,2",10
2631,"2,2",10
2635,"2,2",10
2641,"2,2",10
2647,"2,2",10
2659,"2,2",10
2661,"2,2",10
2670,"2,2",10
2674,"2,2",10
2686,"2,2",10
2697,"2,2",10
2714,"2,2",10
2719,"2,2",10
2725,"2,2",10
2747,"2,2",10
2751,"2,2",10
2755,"2,2",10
2756,"2,2",10
2760,"2,2",10
2761,"2,2",10
2769,"2,2",10
2770,"2,2",10
2774,"2,2",10
2775,"2,2",10
2780,"2,2",10
2783,"2,2",10
2790,"2,2",10
2791,"2,2",10
2796,"2,2",10
2804,"2,2",10
2809,"2,2",10
2816,"2,2",10
2824,"2,2",10
2825,"2,2",10
2828,"2,2",10
2831,"2,2",10
2832,"2,2",10
2833,"2,2",10
2835,"2,2",10
2836,"2,2",10
2837,"2,2",10
2840,"2,2",10
2845,"2,2",10
2847,"2,2",10
2852,"2,2",10
2857,"2,2",10
2859,"2,2",10
2862,"2,2",10
2869,"2,2",10
2873,"2,2",10
2881,"2,2",10
2888,"2,2",10
2890,"2,2",10
2897,"2,2",10
2903,"2,2",10
2905,"2,2",10
2917,"2,2",10
2919,"2,2",10
2925,"2,2",10
2935,"2,2",10
2939,"2,2",10
2940,"2,2",10
2945,"2,2",10
2947,2,10
2949,"2,2",10
2954,"2,2",10
2955,"2,2",10
2960,"2,2",10
2962,"2,2",10
2971,2,10
2972,"2,2",10
2998,"2,2",10
3004,"2,2",10
3018,"2,2",10
3028,"2,2",10
3029,"2,2",10
3033,"2,2",10
3048,"2,2",10
3049,"2,2",10
3058,"2,2",10
3059,"2,2",10
3070,"2,2",10
3080,"2,2",10
3083,2,10
3098,"2,2",10
3101,"2,2",10
3102,"2,2",10
3108,"2,2",10
3109,2,10
3112,2,10
3113,"2,2",10
3114,"2,2",10
3123,2,10
3126,2,10
3127,2,10
3128,2,10
3134,"2,2",10
3136,2,10
3146,"2,2",10
3158,"2,2",10
3170,"2,2",10
3184,2,10
3191,"2,2",10
3197,2,10
3202,"2,2",10
3203,"2,2",10
3209,"2,2",10
3214,2,10
3218,"2,2",10
3232,"2,2",10
3233,"2,2",10
3239,"2,2",10
3243,2,10
3260,"2,2",10
3261,"2,2",10
3262,2,10
3266,2,10
3269,"2,2",10
3270,"2,2",10
3291,"2,2",10
3293,"2,2",10
3305,"2,2",10
3307,"2,2",10
3308,"2,2",10
3315,2,10
3326,"2,2",10
3330,"2,2",10
3334,2,10
3338,"2,2",10
3339,"2,2",10
3341,2,10
3356,"2,2",10
3358,"2,2",10
3378,"2,2",10
3384,"2,2",10
3396,"2,2",10
3399,"2,2",10
3411,"2,2",10
3417,"2,2",10
3428,"2,2",10
3432,"2,2",10
3437,"2,2",10
3449,2,10
3468,2,10
3496,"2,2",10
3498,"2,2",10
3508,"2,2",10
3511,2,10
3518,2,10
3522,2,10
3528,"2,2",10
3530,2,10
3534,"2,2",10
3535,"2,2",10
3537,"2,2",10
3538,2,10
3540,2,10
3546,"2,2",10
3551,"2,2",10
3555,2,10
3572,"2,2",10
3577,"2,2",10
3588,2,10
3590,2,10
3603,2,10
3615,"2,2",10
3623,"2,2",10
3624,2,10
3625,2,10
3632,2,10
3642,2,10
3649,"2,2",10
3652,2,10
3653,2,10
3654,"2,2",10
3658,"2,2",10
3659,2,10
3671,2,10
3677,"2,2",10
3680,2,10
3681,2,10
3682,2,10
3686,2,10
3687,2,10
3691,2,10
3703,2,10
3704,"2,2",10
3705,"2,2",10
3711,"2,2",10
3717,2,10
3721,"2,2",10
3722,2,10
3723,2,10
3727,2,10
3729,"2,2",10
3730,"2,2",10
3731,"2,2",10
3743,2,10
3746,2,10
3747,"2,2",10
3748,2,10
3750,2,10
3759,2,10
3761,2,10
3762,"2,2",10
3763,"2,2",10
3764,"2,2",10
3773,2,10
3774,2,10
3777,2,10
3781,2,10
3785,2,10
3787,2,10
3790,2,10
3795,"2,2",10
3799,2,10
3805,2,10
3810,2,10
3814,"2,2",10
3815,2,10
3817,2,10
3827,2,10
3828,2,10
3829,2,10
3831,2,10
3832,"2,2",10
3833,"2,2",10
3843,2,10
3846,2,10
3849,2,10
3853,2,10
3854,2,10
3859,2,10
3862,2,10
3863,2,10
3871,2,10
3872,"2,2",10
3875,"2,2",10
3880,"2,2",10
3882,"2,2",10
3884,2,10
3889,2,10
3892,"2,2",10
3893,2,10
3901,2,10
3903,"2,2",10
3904,2,10
3905,"2,2",10
3910,2,10
3911,2,10
3914,2,10
3918,"2,2",10
3919,2,10
3922,2,10
3926,"2,2",10
3929,"2,2",10
3935,"2,2",10
3939,2,10
3940,"2,2",10
3942,"2,2",10
3945,"2,2",10
3946,2,10
3951,"2,2",10
3954,2,10
3973,"2,2",10
3977,2,10
3981,2,10
3984,"2,2",10
3987,2,10
3988,"2,2",10
3989,"2,2",10
3993,"2,2",10
3995,2,10
3996,2,10
3997,2,10
3999,2,10
4000,2,10
4007,2,10
4014,"2,2",10
4016,"2,2",10
4018,2,10
4019,"2,2",10
4022,"2,2",10
4025,2,10
4027,"2,2",10
4029,2,10
4030,2,10
4032,2,10
4033,2,10
4034,2,10
4037,2,10
4040,"2,2",10
4044,"2,2",10
4047,2,10
4052,"2,2",10
4056,2,10
4057,2,10
4061,2,10
4066,"2,2",10
4067,2,10
4068,2,10
4073,"2,2",10
4080,2,10
4085,"2,2",10
4088,2,10
4089,"2,2",10
4090,2,10
4096,2,10
4109,2,10
4112,2,10
4114,2,10
4115,2,10
4116,2,10
4131,2,10
4133,"2,2",10
4134,2,10
4135,2,10
4137,2,10
4139,2,10
4144,2,10
4145,2,10
4146,2,10
4147,"2,2",10
4148,2,10
4149,2,10
4153,2,10
4155,"2,2",10
4159,2,10
4160,2,10
4161,"2,2",10
4162,2,10
4163,2,10
4165,2,10
4166,2,10
4168,2,10
4170,2,10
4171,"2,2",10
4173,2,10
4176,2,10
4177,2,10
4178,2,10
4180,2,10
4181,2,10
4183,2,10
4184,2,10
4186,"2,2",10
4191,2,10
4193,2,10
4194,2,10
4195,2,10
4196,2,10
4197,"2,2",10
4198,2,10
4200,"2,2",10
4205,2,10
4214,2,10
4216,"2,2",10
4217,2,10
4218,"2,2",10
4221,2,10
4226,2,10
4227,2,10
4230,"2,2",10
4232,2,10
4233,2,10
4235,2,10
4237,2,10
4251,2,10
4254,2,10
4256,2,10
4258,"2,2",10
4259,"2,2",10
4260,"2,2",10
4261,2,10
4266,"2,2",10
4269,2,10
4270,"2,2",10
4273,2,10
4274,2,10
4276,2,10
4279,2,10
4282,2,10
4284,"2,2",10
4287,2,10
4290,2,10
4293,"2,2",10
4294,2,10
4299,2,10
4301,2,10
4302,"2,2",10
4303,"2,2",10
4308,"2,2",10
4312,2,10
4317,2,10
4320,"2,2",10
4323,"2,2",10
4325,"2,2",10
4335,2,10
4336,"2,2",10
4337,2,10
4339,2,10
4344,2,10
4348,2,10
4349,2,10
4354,"2,2",10
4355,2,10
4359,2,10
4361,2,10
4362,"2,2",10
4369,2,10
4370,2,10
4371,2,10
4372,"2,2",10
4374,"2,2",10
4381,2,10
4382,2,10
4384,2,10
4388,2,10
4391,"2,2",10
4394,2,10
4396,2,10
4398,2,10
4400,2,10
4401,2,10
4402,2,10
4403,2,10
4406,2,10
4407,2,10
4408,2,10
4409,2,10
4410,2,10
4412,"2,2",10
4414,"2,2",10
4415,"2,2",10
4419,"2,2",10
4424,2,10
4426,2,10
4427,2,10
4428,2,10
4430,2,10
4431,2,10
4432,2,10
4433,2,10
4437,2,10
4438,2,10
4441,2,10
4445,"2,2",10
4447,2,10
4448,"2,2",10
4449,2,10
4450,2,10
4451,2,10
4456,2,10
4464,"2,2",10
4467,2,10
4468,2,10
4470,2,10
4471,2,10
4473,2,10
4476,2,10
4477,2,10
4482,2,10
4483,"2,2",10
4484,2,10
4487,"2,2",10
4489,2,10
4492,2,10
4494,2,10
4496,2,10
4501,2,10
4503,"2,2",10
4504,2,10
4505,2,10
4506,2,10
4508,2,10
4512,2,10
4516,2,10
4517,"2,2",10
4518,"2,2",10
4521,2,10
4522,"2,2",10
4523,2,10
4528,"2,2",10
4530,2,10
4531,2,10
4532,2,10
4537,2,10
4546,"2,2",10
4551,2,10
4552,"2,2",10
4556,"2,2",10
4560,2,10
4565,"2,2",10
4566,2,10
4579,"2,2",10
4582,2,10
4583,2,10
4584,2,10
4586,2,10
4587,2,10
4592,2,10
4594,"2,2",10
4599,2,10
4600,2,10
4601,2,10
4602,2,10
4603,2,10
4604,2,10
4605,2,10
4607,"2,2",10
4609,2,10
4611,2,10
4612,"2,2",10
4613,2,10
4618,2,10
4625,2,10
4628,2,10
4630,2,10
4633,"2,2",10
4636,2,10
4638,2,10
4642,2,10
4643,2,10
4648,2,10
4654,2,10
4657,2,10
4661,"2,2",10
4662,2,10
4667,2,10
4670,2,10
4671,"2,2",10
4672,"2,2",10
4673,2,10
4676,2,10
4679,"2,2",10
4681,"2,2",10
4682,2,10
4687,"2,2",10
4689,2,10
4700,2,10
4701,2,10
4703,2,10
4710,2,10
4714,2,10
4716,2,10
4718,"2,2",10
4724,2,10
4726,2,10
4727,2,10
4734,2,10
4735,"2,2",10
4742,2,10
4743,2,10
4756,2,10
4757,"2,2",10
4763,2,10
4764,"2,2",10
4768,2,10
4774,2,10
4780,2,10
4787,2,10
4788,2,10
4790,2,10
4793,"2,2",10
4798,2,10
4810,2,10
4811,"2,2",10
4813,2,10
4814,2,10
4816,2,10
4821,2,10
4822,"2,2",10
4827,2,10
4835,"2,2",10
4839,2,10
4840,"2,2",10
4842,2,10
4844,2,10
4845,2,10
4846,"2,2",10
4847,"2,2",10
4853,2,10
4854,2,10
4857,2,10
4858,"2,2",10
4859,2,10
4861,2,10
4865,"2,2",10
4868,2,10
4870,2,10
4871,"2,2",10
4873,"2,2",10
4874,"2,2",10
4878,2,10
4880,"2,2",10
4881,2,10
4885,2,10
4888,"2,2",10
4891,2,10
4892,"2,2",10
4902,2,10
4910,2,10
4914,2,10
4916,"2,2",10
4917,2,10
4918,2,10
4921,"2,2",10
4922,2,10
4926,2,10
4927,2,10
4929,2,10
4930,2,10
4931,2,10
4932,2,10
4934,2,10
4939,2,10
4949,"2,2",10
4955,2,10
4956,2,10
4960,"2,2",10
4966,"2,2",10
4970,2,10
4974,"2,2",10
4977,"2,2",10
4981,2,10
4983,2,10
4984,2,10
4993,"2,2",10
4996,"2,2",10
5000,"2,2",10
5001,2,10
5006,2,10
5013,2,10
5028,2,10
5038,"2,2",10
5050,"2,2",10
5051,"2,2",10
5055,"2,2",10
5058,2,10
5059,2,10
5063,"2,2",10
5064,"2,2",10
5066,2,10
5074,2,10
5078,2,10
5083,"2,2",10
5084,"2,2",10
5087,2,10
5097,2,10
5103,2,10
5115,2,10
5118,2,10
5125,"2,2",10
5128,2,10
5129,"2,2",10
5130,"2,2",10
5131,"2,2",10
5154,2,10
5159,"2,2",10
5160,2,10
5170,2,10
5172,2,10
5174,2,10
5178,"2,2",10
5186,2,10
5196,2,10
5199,2,10
5206,"2,2",10
5214,"2,2",10
5221,2,10
5223,2,10
5224,"2,2",10
5225,2,10
5226,2,10
5227,"2,2",10
5231,2,10
5241,2,10
5243,2,10
5253,2,10
5261,"2,2",10
5265,2,10
5270,"2,2",10
5276,2,10
5282,2,10
5285,2,10
5293,2,10
5296,2,10
5301,"2,2",10
5302,2,10
5312,2,10
5320,2,10
5321,"2,2",10
5322,2,10
5326,2,10
5334,2,10
5335,2,10
5337,2,10
5338,2,10
5350,2,10
5351,2,10
5352,2,10
5354,2,10
5355,2,10
5358,2,10
5359,2,10
5360,2,10
5362,2,10
5364,"2,2",10
5368,2,10
5375,2,10
5382,2,10
5383,2,10
5391,"2,2",10
5393,"2,2",10
5395,2,10
5399,2,10
5400,"2,2",10
5402,2,10
5405,2,10
5409,2,10
5411,2,10
5417,2,10
5424,2,10
5429,2,10
5432,2,10
5444,2,10
5446,2,10
5447,2,10
5448,"2,2",10
5451,2,10
5452,2,10
5457,2,10
5460,2,10
5461,2,10
5464,2,10
5468,2,10
5469,2,10
5478,2,10
5479,2,10
5489,2,10
5499,2,10
5507,2,10
5510,2,10
5514,2,10
5516,2,10
5518,2,10
5519,2,10
5522,2,10
5523,2,10
5527,2,10
5534,2,10
5535,"2,2",10
5540,2,10
5541,"2,2",10
5545,2,10
5546,"2,2",10
5548,2,10
5552,2,10
5557,2,10
5561,2,10
5564,2,10
5570,2,10
5575,2,10
5580,2,10
5582,2,10
5585,"2,2",10
5588,2,10
5591,2,10
5594,2,10
5595,2,10
5596,2,10
5599,2,10
5600,2,10
5608,2,10
5609,2,10
5612,2,10
5613,2,10
5614,2,10
5616,2,10
5620,2,10
5621,2,10
5624,2,10
5632,2,10
5633,2,10
5644,"2,2",10
5664,2,10
5667,2,10
5680,2,10
5684,2,10
5710,"2,2",10
5715,2,10
5720,2,10
5732,2,10
5734,2,10
5736,"2,2",10
5739,2,10
5741,2,10
5745,2,10
5749,"2,2",10
5762,2,10
5768,2,10
5776,2,10
5778,"2,2",10
5783,2,10
5794,2,10
5798,2,10
5805,2,10
5808,"2,2",10
5816,"2,2",10
5835,2,10
5841,2,10
5844,2,10
5852,"2,2",10
5855,"2,2",10
5858,2,10
5864,2,10
5870,"2,2",10
5872,2,10
5873,"2,2",10
5896,"2,2",10
5910,2,10
5914,2,10
5918,"2,2",10
5928,2,10
5940,"2,2",10
5943,"2,2",10
5947,2,10
5951,"2,2",10
5953,2,10
5971,"2,2",10
5981,2,10
5982,2,10
5984,"2,2",10
5985,2,10
5986,2,10
5996,2,10
5997,"2,2",10
6003,"2,2",10
6010,"2,2",10
6025,2,10
6027,2,10
6028,2,10
6036,"2,2",10
6049,"2,2",10
6050,2,10
6051,"2,2",10
6052,"2,2",10
6056,2,10
6058,2,10
6066,2,10
6068,"2,2",10
6077,"166,99",2
6083,"2,2",10
6091,"2,2",10
6102,2,10
6105,"2,2",10
6113,"2,2",10
6123,2,10
6134,2,10
6141,2,10
6158,"2,2",10
6162,"2,2",10
6169,"2,2",10
6172,"2,2",10
6173,2,10
6174,2,10
6176,"2,2",10
6187,"2,2",10
6189,2,10
6204,2,10
6209,2,10
6220,"2,2",10
6221,2,10
6231,2,10
6233,"2,2",10
6236,2,10
6238,"2,2",10
6240,"2,2",10
6241,"2,2",10
6242,"2,2",10
6257,"2,2",10
6274,2,10
6283,2,10
6284,"2,2",10
6285,2,10
6288,"2,2",10
6289,"2,2",10
6290,2,10
6310,2,10
6316,"2,2",10
6317,2,10
6320,2,10
6328,"2,2",10
6332,"2,2",10
6344,2,10
6371,"2,2",10
6375,"2,2",10
6376,2,10
6377,2,10
6390,"2,2",10
6393,"2,2",10
6394,"2,2",10
6397,"2,2",10
6398,"2,2",10
6493,2,10
6509,"2,2",10
6513,"2,2",10
6517,"2,2",10
6518,"2,2",10
6520,"2,2",10
6529,"2,2",10
6530,"2,2",10
6534,"2,2",10
6538,"2,2",10
6539,"2,2",10
6564,2,10
6565,2,10
6567,2,10
6568,2,10
6572,2,10
6573,"2,2",10
6574,2,10
6576,2,10
6580,2,10
6582,"2,2",10
6584,2,10
6586,"2,2",10
6590,2,10
6591,2,10
6596,2,10
6599,2,10
6600,2,10
6604,"2,2",10
6608,"2,2",10
6611,2,10
6612,2,10
6613,2,10
6619,2,10
6621,2,10
6625,"2,2",10
6626,2,10
6628,2,10
6631,2,10
6634,2,10
6638,2,10
6640,2,10
6641,2,10
6646,2,10
6647,"2,2",10
6648,2,10
6650,2,10
6653,2,10
6665,2,10
6666,2,10
6668,2,10
6671,2,10
6676,2,10
6678,2,10
6680,2,10
6681,2,10
6683,2,10
6698,2,10
6705,"2,2",10
6710,2,10
6717,"2,2",10
6727,2,10
6734,2,10
6736,2,10
6749,2,10
6760,2,10
6764,"2,2",10
6765,"2,2",10
6773,2,10
6775,2,10
6780,2,10
6781,2,10
6787,2,10
6798,2,10
6799,2,10
6802,2,10
6803,2,10
6805,2,10
6808,2,10
6810,2,10
6811,2,10
6816,2,10
6819,2,10
6823,2,10
6824,2,10
6826,2,10
6827,2,10
6828,2,10
6829,2,10
6833,"2,2",10
6837,2,10
6840,"2,2",10
6843,2,10
6847,2,10
6849,2,10
6858,2,10
6862,2,10
6870,"2,2",10
6882,"2,2",10
6890,2,10
6897,2,10
6899,"2,2",10
6900,"2,2",10
6905,"2,2",10
6907,2,10
6908,2,10
6921,"2,2",10
6930,2,10
6938,2,10
6970,2,10
6972,2,10
6979,2,10
6989,"2,2",10
6990,"2,2",10
6991,2,10
7000,2,10
7005,"2,2",10
7006,"2,2",10
7007,2,10
7015,2,10
7027,2,10
7032,"2,2",10
7034,2,10
7035,"2,2",10
7038,2,10
7048,2,10
7049,2,10
7050,2,10
7054,"2,2",10
7066,"2,2",10
7069,2,10
7070,"2,2",10
7071,2,10
7073,"2,2",10
7077,"2,2",10
7089,"2,2",10
7090,"2,2",10
7097,"2,2",10
7103,2,10
7104,"2,2",10
7107,2,10
7123,"2,2",10
7129,2,10
7130,2,10
7134,"2,2",10
7137,"2,2",10
7138,"2,2",10
7158,"2,2",10
7164,"2,2",10
7167,2,10
7184,2,10
7185,2,10
7192,"2,2",10
7193,"2,2",10
7207,"2,2",10
7208,"2,2",10
7221,"2,2",10
7223,2,10
7235,"2,2",10
7243,"2,2",10
7249,2,10
7263,"2,2",10
7264,2,10
7269,"2,2",10
7283,"2,2",10
7294,"2,2",10
7299,"2,2",10
7302,2,10
7352,2,10
7370,"2,2",10
7383,"2,2",10
7384,"2,2",10
7385,"2,2",10
7386,2,10
7391,2,10
7399,"2,2",10
7414,"2,2",10
7415,2,10
7421,"2,2",10
7433,"2,2",10
7446,2,10
7447,"2,2",10
7465,"2,2",10
7482,2,10
7524,2,10
7530,"2,2",10
7533,"2,2",10
7552,"2,2",10
7560,"2,2",10
7592,2,10
7595,"2,2",10
7597,"2,2",10
7599,"2,2",10
7601,"2,2",10
7612,2,10
7625,"2,2",10
7631,"2,2",10
7651,"2,2",10
7659,"2,2",10
7665,"2,2",10
7667,2,10
7672,"2,2",10
7674,2,10
7695,"2,2",10
7708,"2,2",10
7723,"2,2",10
7739,"2,2",10
7743,"2,2",10
7781,"2,2",10
7782,2,10
7813,"2,2",10
7833,"2,2",10
7834,"2,2",10
7846,2,10
7850,"2,2",10
7884,"2,2",10
7892,"2,2",10
7900,"2,2",10
7911,"2,2",10
7977,"2,2",10
8009,"2,2",10
8032,"2,2",10
8035,2,10
8044,"2,2",10
8053,2,10
8058,"2,2",10
8088,"2,2",10
8106,2,10
8107,"2,2",10
8115,"2,2",10
8118,"2,2",10
8147,"2,2",10
8151,"2,2",10
8153,"2,2",10
8181,"2,2",10
8183,2,10
8190,"2,2",10
8227,"2,2",10
8229,"2,2",10
8232,"2,2",10
8233,"2,2",10
8240,2,10
8263,"2,2",10
8266,2,10
8271,"2,2",10
8272,"2,2",10
8280,"2,2",10
8301,"2,2",10
8325,"2,2",10
8330,"2,2",10
8332,2,10
8343,"2,2",10
8347,"2,2",10
8359,2,10
8360,"2,2",10
8363,2,10
8368,"2,2",10
8380,"2,2",10
8386,"2,2",10
8388,"2,2",10
8397,"2,2",10
8404,"2,2",10
8412,"2,2",10
8413,"2,2",10
8420,"2,2",10
8422,"2,2",10
8423,"2,2",10
8426,2,10
8428,"2,2",10
8440,"2,2",10
8443,"2,2",10
8447,"2,2",10
8449,"2,2",10
8486,"2,2",10
8491,2,10
8496,"2,2",10
8514,"2,2",10
8546,2,10
8562,"2,2",10
8574,"2,2",10
8587,"2,2",10
8591,"2,2",10
8596,"2,2",10
8619,"2,2",10
8844,2,10
8884,"2,2",10
8892,"2,2",10
8962,"2,2",10
9013,"2,2",10
9052,"2,2",10
9071,"2,2",10
9091,"2,2",10
9093,"2,2",10
9098,"2,2",10
9104,"2,2",10
9123,2,10
9131,"2,2",10
9136,"2,2",10
9148,"2,2",10
9160,"2,2",10
9178,"2,2",10
9221,"2,2",10
9237,2,10
9252,"2,2",10
9254,2,10
9259,"2,2",10
9269,"2,2",10
9278,"2,2",10
9301,"2,2",10
9304,2,10
9312,"2,2",10
9318,2,10
9345,2,10
9364,"2,2",10
9365,2,10
9379,2,10
9381,2,10
9388,"2,2",10
9389,"2,2",10
9396,"2,2",10
9401,"2,2",10
9408,2,10
9416,"2,2",10
9436,"2,2",10
9438,"2,2",10
9443,"2,2",10
9447,"2,2",10
9475,"2,2",10
9481,"2,2",10
9496,2,10
9503,2,10
9525,"2,2",10
9529,2,10
9546,"2,2",10
9557,2,10
9563,2,10
9578,2,10
9584,"2,2",10
9587,"2,2",10
9595,2,10
9600,"2,2",10
9601,"2,2",10
9603,2,10
9643,2,10
9646,"2,2",10
9667,2,10
9668,"2,2",10
9684,"2,2",10
9687,"2,2",10
9689,"2,2",10
9698,"2,2",10
9703,"2,2",10
9720,2,10
9721,"2,2",10
9722,2,10
9760,"2,2",10
9775,2,10
9779,2,10
9814,2,10
9834,2,10
9841,2,10
9843,"2,2",10
9853,2,10
9866,2,10
9887,2,10
9892,"2,2",10
9913,"2,2",10
9917,2,10
9932,2,10
9938,2,10
9971,2,10
9995,2,10
10003,2,10
10021,2,10
10034,"2,2",10
10060,2,10
10068,"2,2",10
10072,"2,2",10
10085,2,10
10086,2,10
10109,"2,2",10
10116,2,10
10137,"2,2",10
10141,2,10
10153,2,10
10167,2,10
10209,"2,2",10
10226,"2,2",10
10229,2,10
10231,2,10
10256,2,10
10257,"2,2",10
10279,"2,2",10
10317,2,10
10326,"2,2",10
10339,"2,2",10
10363,2,10
10393,2,10
10407,2,10
10419,2,10
10422,2,10
10423,2,10
10428,2,10
10450,2,10
10508,2,10
10532,2,10
10571,2,10
10573,2,10
10574,2,10
10579,2,10
10582,2,10
10588,2,10
10589,2,10
10593,2,10
10609,2,10
10613,2,10
10616,2,10
10623,2,10
10624,2,10
10626,2,10
10628,2,10
10630,2,10
10632,2,10
10639,"2,2",10
10643,2,10
10644,2,10
10645,2,10
10647,2,10
10653,2,10
10654,2,10
10662,2,10
10664,2,10
10667,2,10
10669,2,10
10676,2,10
10677,2,10
10678,2,10
10680,2,10
10681,2,10
10682,"2,2",10
10683,2,10
10701,2,10
10702,2,10
10704,2,10
10708,2,10
10720,2,10
10727,"2,2",10
10761,"2,2",10
10782,"2,2",10
10783,2,10
10784,2,10
10790,2,10
10794,"2,2",10
10797,2,10
10798,"2,2",10
10799,2,10
10802,"2,2",10
10803,2,10
10806,"2,2",10
10808,2,10
10809,2,10
10819,2,10
10837,"2,2",10
10844,"2,2",10
10846,"2,2",10
10848,"2,2",10
10849,"2,2",10
10851,"2,2",10
10852,"2,2",10
10858,"2,2",10
10859,"2,2",10
10863,2,10
10864,"2,2",10
10866,"2,2",10
10870,"2,2",10
10871,"2,2",10
10872,"2,2",10
10876,"2,2",10
10877,"2,2",10
10881,2,10
10884,2,10
10886,2,10
10887,2,10
10888,2,10
10902,2,10
10905,"2,2",10
10913,"2,2",10
10924,2,10
10935,2,10
10940,"2,2",10
10960,"2,2",10
10961,"2,2",10
10974,"2,2",10
11041,"2,2",10
11043,2,10
11044,"2,2",10
11046,2,10
11047,"2,2",10
11048,2,10
11050,2,10
11076,2,10
11086,"2,2",10
11093,"2,2",10
11097,2,10
11115,"2,2",10
11121,"2,2",10
11123,"2,2",10
11225,2,10
11252,2,10
11261,2,10
11280,"2,2",10
11291,2,10
11305,2,10
11393,2,10
11401,2,10
11483,2,10
11503,2,10
11566,2,10
11585,2,10
11619,2,10
11667,"2,2",10
11756,2,10
11768,"2,2",10
11778,2,10
11801,2,10
11826,2,10
11835,"2,2",10
11858,2,10
11903,2,10
11915,2,10
11974,"2,2",10
12080,"2,2",10
12228,2,10
12232,2,10
12233,2,10
12252,"2,2",10
12296,2,10
12305,2,10
12330,2,10
12348,"2,2",10
12399,2,10
12498,2,10
12499,2,10
12503,2,10
12541,2,10
12571,2,10
12575,2,10
12578,2,10
12579,2,10
12581,2,10
12591,"2,2",10
12600,2,10
12603,2,10
12604,2,10
12605,2,10
12616,2,10
12620,2,10
12629,2,10
12633,2,10
12648,2,10
12654,2,10
12664,2,10
12677,2,10
12711,"2,2",10
12718,"2,2",10
12723,"2,2",10
12733,2,10
12743,2,10
12746,2,10
12749,"2,2",10
12754,"2,2",10
12760,"2,2",10
12764,"2,2",10
12779,2,10
12787,2,10
12789,"2,2",10
12799,2,10
12800,2,10
12807,"2,2",10
12808,2,10
12811,"2,2",10
12813,"2,2",10
12819,"2,2",10
12826,"2,2",10
12827,2,10
12835,"2,2",10
12838,2,10
12849,2,10
12851,2,10
12853,2,10
12856,2,10
12861,2,10
12871,2,10
12879,2,10
12880,2,10
12890,2,10
12893,"2,2",10
12897,2,10
12907,"2,2",10
12909,"2,2",10
12911,"2,2",10
12916,"2,2",10
12917,2,10
12931,2,10
12932,"2,2",10
12935,"2,2",10
12938,"2,2",10
12943,"2,2",10
12945,"2,2",10
12955,"2,2",10
12960,"2,2",10
12965,"2,2",10
12994,"2,2",10
12997,2,10
13005,"2,2",10
13006,"2,2",10
13010,2,10
13026,2,10
13030,2,10
13040,"2,2",10
13042,2,10
13054,"2,2",10
13060,2,10
13067,2,10
13073,2,10
13081,"2,2",10
13103,"2,2",10
13107,"2,2",10
13130,"2,2",10
13148,2,10
13153,2,10
13158,2,10
13159,2,10
13163,2,10
13165,2,10
13166,2,10
13169,2,10
13173,2,10
13177,2,10
13182,2,10
13184,"2,2",10
13204,2,10
13208,2,10
13210,2,10
13221,2,10
13228,2,10
13231,"2,2",10
13234,"2,2",10
13239,2,10
13241,"2,2",10
13261,"2,2",10
13271,2,10
13285,"2,2",10
13286,"2,2",10
13290,"2,2",10
13307,"2,2",10
13311,"2,2",10
13326,"2,2",10
13344,"2,2",10
13347,2,10
13356,2,10
13385,2,10
13396,2,10
13404,2,10
13418,"2,2",10
13427,"2,2",10
13475,"2,2",10
13481,2,10
13488,2,10
13497,2,10
13500,2,10
13502,"2,2",10
13503,2,10
13511,2,10
13515,"2,2",10
13576,2,10
13589,2,10
13595,2,10
13600,2,10
13605,2,10
13613,2,10
13625,2,10
13630,2,10
13656,"2,2",10
13661,"2,2",10
13665,"2,2",10
13680,2,10
13688,"2,2",10
13697,2,10
13703,2,10
13705,"2,2",10
13708,2,10
13730,"2,2",10
13736,"2,2",10
13752,"2,2",10
13759,"2,2",10
13772,2,10
13778,"2,2",10
13779,"2,2",10
13792,2,10
13802,"2,2",10
13813,2,10
13814,"2,2",10
13817,2,10
13820,"2,2",10
13831,2,10
13836,2,10
13841,"2,2",10
13846,2,10
13854,2,10
13868,"2,2",10
13869,"2,2",10
13870,"2,2",10
13874,"2,2",10
13876,"2,2",10
13877,2,10
13881,2,10
13882,2,10
13883,2,10
13891,2,10
13895,"2,2",10
13898,2,10
13899,2,10
13900,2,10
13901,"2,2",10
13902,2,10
13904,2,10
13913,2,10
13916,"2,2",10
13932,"2,2",10
13937,"2,2",10
13942,"2,2",10
13946,"2,2",10
13951,2,10
13956,2,10
13993,2,10
13995,2,10
14003,"2,2",10
14004,"2,2",10
14006,2,10
14010,"2,2",10
14018,2,10
14034,2,10
14039,"2,2",10
14043,2,10
14046,2,10
14051,2,10
14061,"2,2",10
14079,2,10
14089,"2,2",10
14099,2,10
14105,2,10
14106,2,10
14116,2,10
14117,2,10
14129,"2,2",10
14132,2,10
14140,2,10
14146,2,10
14147,2,10
14156,2,10
14158,"2,2",10
14165,2,10
14169,"2,2",10
14185,2,10
14191,"2,2",10
14194,"2,2",10
14196,"2,2",10
14198,"2,2",10
14204,"2,2",10
14205,"2,2",10
14216,2,10
14219,2,10
14236,2,10
14243,2,10
14244,2,10
14249,"2,2",10
14250,"2,2",10
14260,"2,2",10
14261,2,10
14263,2,10
14266,2,10
14268,"2,2",10
14269,"2,2",10
14279,2,10
14283,2,10
14294,2,10
14297,2,10
14320,2,10
14326,"2,2",10
14328,2,10
14329,2,10
14330,"2,2",10
14344,"2,2",10
14356,2,10
14364,"2,2",10
14366,"2,2",10
14368,"2,2",10
14371,"2,2",10
14377,"2,2",10
14387,2,10
14394,"2,2",10
14402,2,10
14403,2,10
14420,2,10
14425,"2,2",10
14446,2,10
14451,"2,2",10
14468,2,10
14478,2,10
14479,2,10
14485,"2,2",10
14496,2,10
14504,2,10
14513,2,10
14518,2,10
14527,2,10
14542,2,10
14545,2,10
14556,"2,2",10
14560,2,10
14569,"2,2",10
14578,2,10
14580,2,10
14592,2,10
14607,2,10
14625,"2,2",10
14636,"2,2",10
14653,2,10
14655,2,10
14656,2,10
14658,2,10
14661,2,10
14662,2,10
14668,2,10
14670,2,10
14675,2,10
14678,2,10
14684,2,10
14690,"2,2",10
14693,2,10
14698,2,10
14721,2,10
14725,2,10
14735,"2,2",10
14739,"2,2",10
14746,"2,2",10
14747,2,10
14748,2,10
14792,"2,2",10
14797,"2,2",10
14798,2,10
14802,2,10
14813,"2,2",10
14817,2,10
14836,2,10
14854,"2,2",10
14856,2,10
14857,2,10
14864,2,10
14870,"2,2",10
14877,2,10
14903,"2,2",10
14942,2,10
14954,"2,2",10
14974,"2,2",10
14979,"2,2",10
14985,"2,2",10
14996,"2,2",10
14999,"2,2",10
15000,2,10
15001,2,10
15018,"2,2",10
15022,2,10
15025,"2,2",10
15040,"2,2",10
15042,2,10
15043,2,10
15046,2,10
15071,2,10
15075,"2,2",10
15078,"2,2",10
15082,2,10
15083,2,10
15086,2,10
15087,"2,2",10
15097,"2,2",10
15103,2,10
15105,2,10
15108,"2,2",10
15127,"2,2",10
15128,"2,2",10
15150,"2,2",10
15152,"2,2",10
15153,"2,2",10
15173,"2,2",10
15174,"2,2",10
15175,"2,2",10
15179,"2,2",10
15184,2,10
15193,2,10
15196,2,10
15200,2,10
15202,2,10
15205,2,10
15206,2,10
15208,2,10
15210,2,10
15211,"2,2",10
15213,2,10
15220,2,10
15222,2,10
15225,"2,2",10
15237,2,10
15241,2,10
15243,2,10
15249,"2,2",10
15255,2,10
15260,2,10
15261,2,10
15271,2,10
15277,"2,2",10
15286,"2,2",10
15301,2,10
15302,2,10
15335,2,10
15365,"2,2",10
15380,"2,2",10
15389,2,10
15390,2,10
15391,2,10
15394,2,10
15399,2,10
15402,2,10
15406,"2,2",10
15418,2,10
15419,2,10
15435,"2,2",10
15437,2,10
15443,2,10
15449,2,10
15451,2,10
15459,2,10
15477,"2,2",10
15485,2,10
15486,2,10
15487,2,10
15488,"2,2",10
15498,"2,2",10
15499,2,10
15501,2,10
15507,2,10
15510,2,10
15516,2,10
15522,"2,2",10
15523,2,10
15528,2,10
15531,2,10
15533,2,10
15539,2,10
15540,2,10
15550,2,10
15551,"2,2",10
15559,2,10
15562,2,10
15564,2,10
15579,2,10
15580,2,10
15587,2,10
15593,2,10
15600,"2,2",10
15602,"2,2",10
15607,2,10
15609,2,10
15610,2,10
15611,2,10
15614,2,10
15616,"2,2",10
15617,"2,2",10
15619,"2,2",10
15622,"2,2",10
15624,"2,2",10
15631,"2,2",10
15650,2,10
15652,"2,2",10
15656,2,10
15658,2,10
15662,"2,2",10
15666,2,10
15673,"2,2",10
15674,"2,2",10
15675,"2,2",10
15676,"2,2",10
15677,"2,2",10
15678,"2,2",10
15679,"2,2",10
15680,"2,2",10
15681,"2,2",10
15682,"2,2",10
15693,2,10
15709,2,10
15710,"2,2",10
15714,"2,2",10
15715,"2,2",10
15716,"2,2",10
15717,"2,2",10
15753,"2,2",10
15757,"2,2",10
15758,"2,2",10
15760,"2,2",10
15766,"2,2",10
15768,"2,2",10
15769,"2,2",10
15775,"2,2",10
15782,2,10
15783,2,10
15787,2,10
15788,2,10
15789,2,10
15794,2,10
15799,2,10
15807,"2,2",10
15808,2,10
15809,2,10
15819,2,10
15823,2,10
15824,2,10
15826,2,10
15827,2,10
15828,2,10
15829,2,10
15830,2,10
15831,2,10
15834,2,10
15838,2,10
15839,2,10
15840,2,10
15841,2,10
15842,2,10
15849,2,10
15853,2,10
15855,2,10
15863,"2,2",10
15873,"2,2",10
15874,"2,2",10
15875,"2,2",10
15877,"2,2",10
15878,"2,2",10
15884,"2,2",10
15885,"2,2",10
15886,"2,2",10
15897,2,10
15899,2,10
15936,"2,2",10
15940,2,10
15946,2,10
15947,"2,2",10
15948,"2,2",10
15950,"2,2",10
15951,"2,2",10
15954,"2,2",10
15956,2,10
15957,"2,2",10
15959,2,10
15961,"2,2",10
15962,"2,2",10
15963,"2,2",10
15964,"2,2",10
15971,"2,2",10
16002,2,10
16025,2,10
16046,2,10
16079,"2,2",10
16088,2,10
16091,2,10
16096,2,10
16106,2,10
16111,2,10
16113,"2,2",10
16120,"2,2",10
16127,"2,2",10
16135,2,10
16143,"2,2",10
16144,"2,2",10
16145,"2,2",10
16146,"2,2",10
16147,"2,2",10
16151,"2,2",10
16153,"2,2",10
16156,"2,2",10
16158,2,10
16159,2,10
16163,"2,2",10
16174,"2,2",10
16182,2,10
16187,"2,2",10
16190,"2,2",10
16190,"2,2",10
